image_name,class_id,iou_cam,iou_oneshot,is_win,support_size,support_solidity,support_components,support_avg_cam,oneshot_output_size,oneshot_confidence
432573-16625-20954.png,0,0.588304950925107,0.5809579700262419,False,31850.0,0.644384648066846,1,11.671863,34092.0,0.8713136911392212
432573-16625-20954.png,3,0.7408767004566574,0.7417665845991012,True,16465.0,0.776907469447459,1,21.338066,17341.0,0.947173535823822
436219-10366-47615.png,0,0.25954268012575904,0.35883620686680734,True,3837.0,0.9592990858587592,3,13.735977,6207.0,0.794249951839447
436219-10366-47615.png,3,0.7993244965417766,0.7948468065699686,False,41525.0,0.8830221579551737,1,19.211847,37342.0,0.9358575940132141
432573-37233-20058.png,0,0.5027455764177103,0.11999412152840075,False,3107.0,0.9801261829652996,1,30.759369,13593.0,0.8476582765579224
432573-37233-20058.png,3,0.9664111440618527,0.6668732135228193,False,35949.0,0.8466696099874826,2,13.63184,34865.0,0.9234912991523743
409891-41282-25124.png,0,0.41279474966857954,0.40309773000356075,False,27476.0,0.723395292506977,1,11.454487,31610.0,0.9196324348449707
409891-41282-25124.png,3,0.7285208148445763,0.6809671304756615,False,20507.0,0.76141292892699,2,21.468914,21154.0,0.9483194947242737
1023348-18570-58487.png,0,0.25965827790087886,0.6130781498224755,True,5487.0,0.9324163536502522,5,8.116619,6156.0,0.8923620581626892
1023348-18570-58487.png,1,0.7026221034106647,0.5097558328701084,False,23702.0,0.7541187138602364,3,13.545276,31654.0,0.7518159747123718
415432-30725-31368.png,0,0.453714528626715,0.4840827042834236,True,16714.0,0.7956056504545721,3,13.226411,24802.0,0.7995920181274414
415432-30725-31368.png,3,0.661480878741693,0.5838044355909857,False,29458.0,0.8896472577917371,1,16.19199,29500.0,0.9624471664428711
1022068-15353-53847.png,0,0.7567487013378875,0.7267376153530152,False,33291.0,0.6695291917221406,1,12.035659,37023.0,0.8530248403549194
1022068-15353-53847.png,3,0.38097502968121577,0.5255552322252395,True,7394.0,0.847447893881748,3,6.7603827,8089.0,0.9305399060249329
436219-30078-60159.png,0,0.6314722627766575,0.34601750704094564,False,8306.0,0.8199402002046364,4,16.952261,11073.0,0.8748890161514282
436219-30078-60159.png,3,0.5950975451517134,0.5000359143621593,False,16327.0,0.8321736968911315,3,10.353267,19036.0,0.8633183836936951
439448-29800-19084.png,0,0.7446264975116095,0.7454957715177872,True,28145.0,0.7605106791463725,2,15.212862,30283.0,0.9056538939476013
439448-29800-19084.png,1,0.7890476665939319,0.7690966646433409,False,16068.0,0.8733557995434287,1,13.147331,20199.0,0.9638806581497192
440682-36564-28406.png,0,0.4078258473034053,0.2721500886419865,False,8701.0,0.9515273543672036,3,28.477032,14526.0,0.8093138933181763
440682-36564-28406.png,3,0.8600731157185685,0.617180146815227,False,32671.0,0.7857974484945588,2,20.299107,34913.0,0.9351732134819031
1022068-18041-40407.png,0,0.5341713783535065,0.5594379639151942,True,9856.0,0.8711883909843523,4,12.16338,17264.0,0.9045302271842957
1022068-18041-40407.png,3,0.8809881071223467,0.8376233196155047,False,31747.0,0.786459236505066,1,14.312009,32434.0,0.9528493285179138
387709-25236-55944.png,0,0.6141774313753509,0.49380356726350455,False,11243.0,0.9560710400242088,3,39.505383,8972.0,0.8674639463424683
387709-25236-55944.png,3,0.8214417258400042,0.7539939855099616,False,38937.0,0.8211973301200732,2,16.970482,42183.0,0.9502155184745789
409891-36802-15268.png,0,0.2967056690061589,0.22103416942668397,False,19067.0,0.860393088567279,4,15.001677,41665.0,0.810323178768158
409891-36802-15268.png,3,0.15791543754592768,0.21105072462030214,True,5736.0,0.8216975892720455,3,7.354055,9159.0,0.8722246289253235
415432-17353-45062.png,0,0.49747179115506834,0.5029400424016064,True,27439.0,0.6587403803813323,4,9.792784,34603.0,0.8122860193252563
415432-17353-45062.png,3,0.41950718683678095,0.42950435362639516,True,12281.0,0.6655931368047877,3,19.245522,15779.0,0.8930400013923645
440682-41044-23926.png,0,0.5316593885882468,0.548809659351998,True,7837.0,0.9778111373470746,2,32.23078,8710.0,0.8824633955955505
440682-41044-23926.png,3,0.9023871739026886,0.557846754926029,False,21639.0,0.5800407584397255,2,14.812177,26895.0,0.8770661950111389
440930-29517-10160.png,0,0.7741210547149889,0.3780759506251264,False,16403.0,0.7921597757441876,7,11.346381,15574.0,0.8298641443252563
440930-29517-10160.png,3,0.4783001808063876,0.454989673041409,False,13405.0,0.5712520242052331,1,17.804094,19690.0,0.9241060614585876
415432-15561-44166.png,0,0.5683850377916568,0.5505233867616133,False,31683.0,0.6724181841334522,1,10.419071,31877.0,0.8644115924835205
415432-15561-44166.png,3,0.6308141962158323,0.5371930240622773,False,18821.0,0.7602226802770072,2,25.386097,22071.0,0.9238056540489197
436219-34558-60159.png,0,0.6972522080160026,0.12838376631013623,False,3586.0,0.8571240012002936,4,11.140737,5114.0,0.8632271885871887
436219-34558-60159.png,2,0.8056772994860919,0.5282177037386936,False,16552.0,0.8459810264912032,5,25.325523,16558.0,0.8958116769790649
440930-45645-17328.png,0,0.8668054794330563,0.394536331527724,False,18247.0,0.5032869286086907,3,9.460065,19509.0,0.7923703193664551
440930-45645-17328.png,3,0.38714319976167627,0.2519162862694033,False,5108.0,0.83179762329345,2,11.556179,23032.0,0.870184063911438
409891-37698-43044.png,0,0.5156844206215845,0.7236945495848384,True,24757.0,0.7616913556295972,3,12.537208,22386.0,0.8610106706619263
409891-37698-43044.png,3,0.4937360177866362,0.4593950503282502,False,3921.0,0.9577775205599316,2,24.587133,5195.0,0.9469114542007446
1022068-13561-26071.png,0,0.3871586007697272,0.4734633940689189,True,3256.0,0.9798374962383388,1,23.051044,3562.0,0.8848692178726196
1022068-13561-26071.png,3,0.9400587821140858,0.5310592233509334,False,27765.0,0.8587893554069055,4,19.694355,27097.0,0.8835988640785217
1022068-22521-39511.png,0,0.32909237903369676,0.254025483049075,False,5702.0,0.899219935006953,4,16.144943,27896.0,0.8395947813987732
1022068-22521-39511.png,3,0.7521100917155189,0.9267541573446366,True,22182.0,0.8570158009225322,2,17.635422,19793.0,0.9834242463111877
439448-37489-48240.png,0,0.8289529392337094,0.8636693255684358,True,28965.0,0.9109448656092365,3,15.54304,27659.0,0.9420148134231567
439448-37489-48240.png,1,0.7327869611180818,0.7253203866191961,False,20187.0,0.8047117914374552,1,20.815582,22352.0,0.923770010471344
439448-40849-48912.png,2,0.791407419044207,0.6419334127927206,False,13781.0,0.5778197064989518,1,28.09668,14628.0,0.9212562441825867
439448-40849-48912.png,3,0.49642340904723975,0.4462474644862802,False,11594.0,0.8310515375241918,1,6.6245513,17924.0,0.8289704918861389
440682-23124-35574.png,0,0.28368522067491647,0.15143349858251418,False,2699.0,0.9180670819600348,2,12.7513895,9175.0,0.7773324251174927
440682-23124-35574.png,3,0.924790280570999,0.6435564802218505,False,35698.0,0.7791091032104586,1,7.4331675,32417.0,0.867757260799408
1023348-20362-38775.png,2,0.6473373990444163,0.36294021610965793,False,10706.0,0.8684877332158009,4,37.00157,13384.0,0.9181031584739685
1023348-20362-38775.png,3,0.6473829200884438,0.580712344220385,False,15766.0,0.8899300067735381,1,20.65306,16544.0,0.9616000652313232
439448-36236-26985.png,0,0.8588909056500316,0.8506452428880742,False,32159.0,0.9329020654444187,1,14.518113,30721.0,0.938952624797821
439448-36236-26985.png,1,0.9216507482036033,0.7276262722907804,False,14749.0,0.7636639738049262,2,14.975432,16925.0,0.9324118494987488
1022068-7289-44887.png,0,0.48595315203088396,0.5194136574530273,True,9348.0,0.8070498267039715,3,14.520319,12681.0,0.9053475856781006
1022068-7289-44887.png,3,0.9118616967894508,0.9024462711473099,False,37375.0,0.935638111450458,1,18.4588,39323.0,0.9754388332366943
439448-38161-46896.png,0,0.5533184190685145,0.43250405409039655,False,10960.0,0.8148454996698726,2,11.6931095,19596.0,0.8841299414634705
439448-38161-46896.png,2,0.8828933512152622,0.6226572758496416,False,14801.0,0.8376143004131595,2,42.403145,16147.0,0.9284620881080627
440930-30377-49980.png,2,0.4075393291536041,0.3823155889309813,False,7992.0,0.9500632106804302,3,21.196693,9851.0,0.8590041399002075
440930-30377-49980.png,3,0.6602970412662776,0.6899767470152985,True,40224.0,0.9031591710263376,1,19.019613,40588.0,0.9410173296928406
405723-11520-28046.png,1,0.4455969086539491,0.4841912161171797,True,7784.0,0.9530661935080363,4,18.30934,17496.0,0.8891963362693787
405723-11520-28046.png,3,0.8543262341045035,0.6724064399010448,False,25823.0,0.566703974367415,1,12.7904215,25914.0,0.9096064567565918
440930-45645-23600.png,0,0.7524406236065699,0.8547686496291421,True,16933.0,0.7740462385237382,3,22.416962,18223.0,0.9038063883781433
440930-45645-23600.png,1,0.4412209779739193,0.33788034300109654,False,13975.0,0.9549649821985495,3,19.731764,30203.0,0.9840409159660339
387709-21652-26376.png,0,0.5122382905023856,0.5541866195288397,True,19596.0,0.8177948418329021,1,18.23583,19247.0,0.8820645809173584
387709-21652-26376.png,3,0.7731371482330994,0.7422534396825571,False,23685.0,0.8191533513177007,1,21.85944,27661.0,0.9422614574432373
440682-41940-23926.png,0,0.6193107682385977,0.6029737205668759,False,10624.0,0.8159127563167191,1,21.034164,12550.0,0.8564255237579346
440682-41940-23926.png,3,0.8154333429116174,0.7294388395385782,False,33784.0,0.7136007435101283,1,17.119036,38444.0,0.9092832207679749
440682-10580-14966.png,0,0.201365187684675,0.12192610778434537,False,4441.0,0.9092956592956593,1,9.304406,24447.0,0.8200080990791321
440682-10580-14966.png,3,0.8401564035545456,0.5553929816725097,False,21784.0,0.7021967224052568,2,11.641,23272.0,0.9030282497406006
440930-23245-31664.png,0,0.8732409212632034,0.8139359291978246,False,12767.0,0.8540983944053044,2,15.609618,15419.0,0.9263648390769958
440930-23245-31664.png,1,0.8990067227636422,0.7866071428329247,False,24281.0,0.766228028653476,1,20.55436,28170.0,0.9229199886322021
440682-22228-29302.png,0,0.6011291723165946,0.8064460231496754,True,11596.0,0.8515200469966221,1,22.217262,10675.0,0.9374807476997375
440682-22228-29302.png,3,0.7587336244353232,0.5571032726589006,False,22872.0,0.6707566813321716,2,18.062843,26036.0,0.9198457598686218
1022068-12665-50263.png,0,0.6231798828391903,0.4002232696502053,False,19650.0,0.7783710253580896,4,15.234684,21996.0,0.888267457485199
1022068-12665-50263.png,3,0.3667990620487726,0.31224447655121845,False,16960.0,0.7469976222512288,5,7.706229,18834.0,0.8666554689407349
440930-23245-32560.png,0,0.7979099315540971,0.8139923485856386,True,21436.0,0.7571870211151349,3,22.19688,19344.0,0.9307167530059814
440930-23245-32560.png,3,0.7621635515454719,0.7282074064440641,False,26581.0,0.7634927473790033,1,18.314106,30728.0,0.9653059840202332
1009800-17959-57373.png,0,0.7634071573463505,0.7247896781708685,False,23717.0,0.7260898848885624,1,17.825747,20257.0,0.8989843726158142
1009800-17959-57373.png,3,0.7210121595241861,0.6014145706936023,False,24964.0,0.6823375061498934,1,19.86966,29499.0,0.9305790662765503
432573-27377-12890.png,2,0.7014879425106383,0.46272625011205215,False,15974.0,0.82195466374673,2,21.743238,18166.0,0.8416191339492798
432573-27377-12890.png,3,0.561538191868702,0.6846098111629114,True,20529.0,0.8224523522756094,2,10.123188,19727.0,0.88615483045578
1009800-18631-53341.png,0,0.32254697284329087,0.5920827795147063,True,7924.0,0.9741587974506198,2,40.37922,10532.0,0.8942468762397766
1009800-18631-53341.png,3,0.7198333652384641,0.4348563623450199,False,19184.0,0.7551626362497701,4,9.189562,24372.0,0.827803909778595
1009800-18589-26885.png,0,0.8760763426283156,0.8965838509038327,True,30620.0,0.7128888061091451,1,17.445799,31121.0,0.9407325983047485
1009800-18589-26885.png,1,0.8614384610864324,0.8989862971372327,True,13791.0,0.8056431826147915,1,22.882566,18778.0,0.981983482837677
447079-16076-24413.png,0,0.5657227097995844,0.5706988148559222,True,17626.0,0.7893798200844188,7,4.263294,24461.0,0.8496235609054565
447079-16076-24413.png,2,0.754137543883166,0.6644025933673818,False,17086.0,0.6969919732875793,3,22.661858,20859.0,0.8581633567810059
440930-43853-20912.png,0,0.8136723961799526,0.542711207639796,False,19985.0,0.5549384403453098,5,11.481281,18491.0,0.8831004500389099
440930-43853-20912.png,3,0.500345412265255,0.3364657973947114,False,11345.0,0.7262223435376818,3,7.923953,25157.0,0.8941676020622253
1009800-17917-26213.png,0,0.734530422378599,0.78202916725874,True,11707.0,0.9033716585923872,2,34.619884,10540.0,0.9196847677230835
1009800-17917-26213.png,1,0.8970884831955037,0.499466626015964,False,16321.0,0.7027214911896434,3,15.760592,21179.0,0.9396119713783264
415432-11081-42374.png,0,0.48525700479961054,0.610168305377719,True,37812.0,0.7538127230318374,1,10.385572,22155.0,0.8541273474693298
415432-11081-42374.png,3,0.38949671767943145,0.35364936038335487,False,4571.0,0.9719328088454177,1,19.064476,5708.0,0.9538476467132568
387709-25236-28168.png,0,0.7734980619967661,0.6935886760862617,False,33463.0,0.7636293101481025,1,16.669456,35446.0,0.8564726710319519
387709-25236-28168.png,3,0.621897705156327,0.5223623534350595,False,13465.0,0.9132401261053834,4,13.031457,15531.0,0.9324946999549866
1022068-25209-25175.png,0,0.6294430972532189,0.7010281817510781,True,38108.0,0.873075513196481,1,7.997532,33251.0,0.922596275806427
1022068-25209-25175.png,3,0.24278322436781274,0.4355104518661193,True,6012.0,0.8351838162993018,3,3.190582,9589.0,0.8635676503181458
439448-29800-20428.png,0,0.9223170665989607,0.8156405097031351,False,32141.0,0.8332728404023644,1,13.119341,31796.0,0.9155799746513367
439448-29800-20428.png,1,0.8566548236637979,0.7449829831742176,False,15738.0,0.8469486599935422,1,20.81471,17008.0,0.9473428726196289
1023348-30218-27127.png,2,0.8540419887796706,0.4973085721808199,False,16904.0,0.6140879863406837,1,31.713305,16810.0,0.8702858090400696
1023348-30218-27127.png,3,0.3505456064141103,0.2252565375610205,False,25609.0,0.7230146546836447,3,4.3572025,21551.0,0.8639340996742249
440930-17833-42812.png,2,0.8325772949246403,0.6498057948725476,False,10447.0,0.8479810022349832,2,19.980837,21075.0,0.8302352428436279
440930-17833-42812.png,3,0.8014921619358568,0.4653833368449009,False,16456.0,0.8677447338430211,4,10.140578,16621.0,0.874103844165802
440682-40148-25718.png,0,0.8376569570770075,0.6117922765814695,False,21069.0,0.8411187036074417,6,22.072348,18565.0,0.88926100730896
440682-40148-25718.png,3,0.7236055142853189,0.6928504599761091,False,14812.0,0.6836274067709751,2,28.684364,24196.0,0.9184888601303101
415432-17353-19078.png,0,0.4915367721760261,0.49584110902437106,True,22301.0,0.6018571460580836,2,9.119066,25416.0,0.8371742367744446
415432-17353-19078.png,3,0.4430312477700336,0.41757955136058533,False,8226.0,0.9553164677735778,2,28.023743,11622.0,0.9201033115386963
415432-11081-29830.png,0,0.5679938989898051,0.6062526404498885,True,21388.0,0.8842653100883298,2,9.312293,21374.0,0.8607202768325806
415432-11081-29830.png,3,0.718324199661057,0.6539979489526089,False,29810.0,0.696483426878803,3,12.847783,27403.0,0.9147408604621887
439448-40849-46896.png,0,0.7293951738123793,0.7931034481363294,True,4889.0,0.9550693494823209,1,12.517081,5124.0,0.9158734083175659
439448-40849-46896.png,2,0.9653342765969815,0.4410980810136572,False,23722.0,0.4885694278535239,1,20.671715,20195.0,0.9048270583152771
1022068-27897-41303.png,0,0.7672079111032302,0.593202794772903,False,23736.0,0.7067955120710613,3,15.812569,23049.0,0.9057632684707642
1022068-27897-41303.png,3,0.6564125100229684,0.6937848137867352,True,9352.0,0.783643371878666,1,23.507257,10656.0,0.9524999260902405
440930-42061-11056.png,0,0.8542300350138611,0.2655821203480739,False,12380.0,0.8333741679631417,7,11.408981,12411.0,0.8862634301185608
440930-42061-11056.png,3,0.26514116572573526,0.2975714424756099,True,5619.0,0.9469604820460227,2,9.651471,9209.0,0.9182634949684143
432573-18417-19162.png,0,0.4273045657414997,0.4696973938227557,True,26799.0,0.6759551374167782,3,7.3222165,30763.0,0.8190504312515259
432573-18417-19162.png,3,0.5845248398620556,0.6398337569850368,True,19586.0,0.8507675023925692,3,22.234184,22364.0,0.9266380071640015
439448-40177-46896.png,0,0.6369362304748707,0.7376617465135035,True,23157.0,0.556030446370687,1,8.283872,25403.0,0.8938228487968445
439448-40177-46896.png,2,0.7134016364771091,0.689524641429022,False,10716.0,0.90772086996813,3,41.053085,11798.0,0.9537168145179749
416003-12686-28302.png,0,0.4091793570046878,0.48459190704326766,True,19753.0,0.6618972623395771,1,7.9719963,28282.0,0.8054707646369934
416003-12686-28302.png,3,0.6585775999345169,0.7881204294076505,True,21089.0,0.8953844933233733,3,25.851309,22581.0,0.9228068590164185
439448-38161-48240.png,0,0.7951649601594094,0.7384362001859577,False,32558.0,0.701078160986087,2,15.546387,33627.0,0.924385666847229
439448-38161-48240.png,1,0.7925980419448476,0.8324491342136974,True,15496.0,0.7236387410105538,1,20.125261,15462.0,0.9303979873657227
1022068-26105-48471.png,0,0.708290525735733,0.6420192659275206,False,33888.0,0.6941986234021632,1,12.207601,33791.0,0.8177821040153503
1022068-26105-48471.png,3,0.394109396885354,0.4210041128619342,True,6886.0,0.8871966725051321,3,13.457554,8382.0,0.9228824377059937
440682-32980-27510.png,0,0.4357910522151566,0.6585869398487088,True,12111.0,0.9290354626644347,3,25.7261,11850.0,0.901911735534668
440682-32980-27510.png,3,0.7062766455381779,0.7119977455625015,True,29860.0,0.6835767593058926,1,16.473333,34957.0,0.8913979530334473
1009800-15943-53341.png,0,0.7924954624294368,0.2603201029074002,False,7074.0,0.9167106526749417,6,28.760386,7322.0,0.8818356394767761
1009800-15943-53341.png,3,0.7497104754957111,0.7065662141746261,False,24892.0,0.6358003729332171,2,19.769524,30465.0,0.9419283866882324
440930-33997-6576.png,0,0.8636548810895677,0.45717537905465455,False,26531.0,0.5847696715891558,1,10.120714,22859.0,0.8470435738563538
440930-33997-6576.png,3,0.3522539288304121,0.4620499181196757,True,4863.0,0.8565324180456222,2,10.446811,9461.0,0.8994457721710205
439448-29128-19756.png,0,0.6330549956445116,0.6614733376058867,True,16045.0,0.749556199196487,1,10.492299,16507.0,0.8975539207458496
439448-29128-19756.png,1,0.8031136029393307,0.654909155452006,False,24457.0,0.664415875944981,2,12.326456,23247.0,0.9087435007095337
439448-29800-19756.png,0,0.7812823163618116,0.7032309081898744,False,7486.0,0.943750414852787,2,24.626541,6653.0,0.9121636748313904
439448-29800-19756.png,1,0.9117346331967249,0.6788755798500109,False,31359.0,0.6929706317813183,1,11.121848,33721.0,0.9241876602172852
432573-23793-19162.png,2,0.6357228195747991,0.31850590305924703,False,11564.0,0.8128044137513837,2,29.412045,18614.0,0.8375616669654846
432573-23793-19162.png,3,0.25071354704236964,0.2639604491090937,True,17331.0,0.7930506560671102,5,5.483166,30599.0,0.7911630868911743
1022068-28793-43095.png,0,0.6800957080699837,0.708392603106011,True,27426.0,0.7779769610703924,2,11.254062,26972.0,0.8635103106498718
1022068-28793-43095.png,3,0.7118586185984863,0.6632928746859432,False,16141.0,0.5181701444622793,1,15.904814,19819.0,0.9072187542915344
1023348-32010-28023.png,0,0.20833129373888437,0.10085461542053939,False,9255.0,0.8741027578390631,1,26.341906,39241.0,0.7599422335624695
1023348-32010-28023.png,3,0.25930851063027865,0.2137685220423285,False,14293.0,0.6400875539811569,2,15.72021,43728.0,0.8434734344482422
1022068-25209-49367.png,0,0.5167299967318048,0.5926841833902564,True,28579.0,0.6322873041306225,2,13.12021,22088.0,0.869530439376831
1022068-25209-49367.png,3,0.32138354866676777,0.38554567970380693,True,3972.0,0.9429804140767173,4,21.81739,6853.0,0.9413201808929443
387709-18068-66696.png,0,0.6101619811774368,0.5644503060626972,False,33415.0,0.7623730975605494,3,12.742494,32183.0,0.8243780732154846
387709-18068-66696.png,3,0.43125854991053064,0.5413584748129305,True,15675.0,0.8030468636256797,4,12.213475,15750.0,0.9019686579704285
387709-32404-42504.png,0,0.7101491664040482,0.6581282940370264,False,26453.0,0.8077009959488718,3,16.399332,27186.0,0.8869816064834595
387709-32404-42504.png,3,0.5267865730245846,0.4914730092095378,False,18622.0,0.768783217196129,2,20.124378,20440.0,0.9239755868911743
415432-28037-31368.png,0,0.6325733519423163,0.5606193580566506,False,24484.0,0.6155448789649718,3,16.908943,23861.0,0.8668059706687927
415432-28037-31368.png,3,0.6949846468518525,0.5573489357222049,False,25367.0,0.7635832756389032,1,20.9178,26294.0,0.9486511945724487
1004470-36280-27403.png,0,0.5480423389027839,0.680025810127616,True,32197.0,0.7329456620642084,3,7.333298,23188.0,0.8815035223960876
1004470-36280-27403.png,3,0.44594673346663866,0.3103563350398474,False,14444.0,0.8420321399824919,5,6.219982,24126.0,0.8702471256256104
387709-29716-37128.png,0,0.7978930034033296,0.7465732703277426,False,41036.0,0.849118511637543,2,10.806401,34638.0,0.8523278832435608
387709-29716-37128.png,3,0.3734108736308614,0.2079273110213374,False,12023.0,0.7648329421320987,2,5.8175592,13622.0,0.915246307849884
1023348-25738-41463.png,0,0.05980066444354919,0.07307543893145498,True,6274.0,0.8188118679577514,5,2.4927669,20583.0,0.882036030292511
1023348-25738-41463.png,3,0.8015826616945425,0.6735241502524827,False,31339.0,0.8474529249553133,2,14.355172,28997.0,0.9486027359962463
1009800-18589-25541.png,0,0.7287674955506288,0.6479275614638811,False,15535.0,0.8245113645001217,3,20.000813,15553.0,0.9202483892440796
1009800-18589-25541.png,1,0.8286348775267215,0.827982217806002,False,27835.0,0.8500935227988593,2,15.134965,30414.0,0.9742486476898193
440930-35789-13744.png,0,0.9309088048421283,0.47323523138000545,False,13671.0,0.8256637745458613,6,19.714615,17752.0,0.8568500280380249
440930-35789-13744.png,1,0.8006329113373257,0.8195242001080445,True,11502.0,0.8726858877086495,1,29.838343,14489.0,0.9462506175041199
416003-16270-22030.png,0,0.07363560032966955,0.04549034140707415,False,6753.0,0.9263425361179335,3,11.126611,21387.0,0.9196631908416748
416003-16270-22030.png,3,0.8181928353090747,0.7763781624293907,False,32971.0,0.9228594620315168,1,20.978594,30259.0,0.9339558482170105
439448-40177-48240.png,0,0.6115781710463438,0.559796817766505,False,7940.0,0.8694285455223242,2,10.851262,9939.0,0.9104547500610352
439448-40177-48240.png,2,0.9196500604850835,0.4921202489606113,False,18384.0,0.9071037247729823,4,26.218288,19459.0,0.8941097259521484
440682-32084-26614.png,0,0.418508919021268,0.6913134703574223,True,9879.0,0.9402014932220463,3,25.68682,10091.0,0.8641034960746765
440682-32084-26614.png,3,0.7123078026563928,0.5689976945752773,False,21777.0,0.6866044120346397,2,21.028877,32178.0,0.8899140954017639
440930-16973-14640.png,0,0.8474345118406815,0.6648324551440592,False,23630.0,0.6697752641464041,2,7.2233706,28064.0,0.8680685758590698
440930-16973-14640.png,1,0.6925543956299488,0.7399626215930939,True,11963.0,0.8686465291896602,1,16.368782,14542.0,0.9191838502883911
415432-17353-18182.png,0,0.6663098332908622,0.6380966601802276,False,30630.0,0.7161561842412906,1,8.251614,31998.0,0.850083589553833
415432-17353-18182.png,3,0.5406634029103475,0.5579599022798909,True,13043.0,0.9042590820058407,3,26.275444,15214.0,0.9251514673233032
387709-24340-50568.png,0,0.7388855956225717,0.4016697587815654,False,6058.0,0.94789547801596,1,30.698086,12936.0,0.8361698985099792
387709-24340-50568.png,3,0.9314544425369223,0.6931245500204031,False,31437.0,0.7758452482266291,2,16.58606,33572.0,0.9345439076423645
439448-44525-54926.png,0,0.6528858436124857,0.7839976114667864,True,7070.0,0.920998786534643,2,25.916449,5820.0,0.915875256061554
439448-44525-54926.png,1,0.9212739968905701,0.5908271064020326,False,24383.0,0.5458228868194842,1,18.85802,26622.0,0.9341595768928528
409891-35906-26916.png,0,0.3134447549964792,0.2640472521760645,False,22390.0,0.634291097801627,2,13.349626,34510.0,0.7832829356193542
409891-35906-26916.png,3,0.49017269342189806,0.6119394011896153,True,13080.0,0.7734772790259508,3,19.494484,14412.0,0.9471299648284912
396635-16768-16455.png,2,0.521740740721417,0.34892272632201876,False,18555.0,0.7721557604066147,3,22.456436,38003.0,0.8121362328529358
396635-16768-16455.png,3,0.23809523808616054,0.2588451523890689,True,14845.0,0.6813019985769017,3,3.7255025,24805.0,0.7256268858909607
440930-43853-23600.png,0,0.8599011712768454,0.47881155301613365,False,9560.0,0.8223624894249062,4,29.504963,20556.0,0.8030262589454651
440930-43853-23600.png,1,0.5071508918256387,0.4004880922157499,False,16385.0,0.8232013665594855,1,29.105207,23764.0,0.9641783237457275
439448-41521-46896.png,0,0.41964750258781064,0.18154208503218228,False,588.0,0.9060092449922958,1,1.9874687,15247.0,0.9201248288154602
439448-41521-46896.png,2,0.6188856384577561,0.6665142972895264,True,11119.0,0.8524914330743925,3,30.912807,14618.0,0.8750903606414795
387709-27028-31752.png,0,0.6707455531585983,0.6538479444887134,False,33838.0,0.699878489055664,2,14.327888,35101.0,0.8797672986984253
387709-27028-31752.png,3,0.17863988344869738,0.14512167893539318,False,4299.0,0.9633260528781246,2,30.328615,6671.0,0.921578586101532
415432-9289-22662.png,0,0.4714779474617743,0.46226387969114563,False,23939.0,0.8599196566697924,4,15.90331,30241.0,0.7816799283027649
415432-9289-22662.png,3,0.6075159957638488,0.5184559791794111,False,22665.0,0.7454109971982181,2,23.114197,26250.0,0.9380797147750854
405723-10624-26254.png,1,0.7288611758090343,0.5724781478721361,False,21176.0,0.883895476104688,4,10.801957,25812.0,0.9183323979377747
405723-10624-26254.png,3,0.402571130226927,0.4336421088707781,True,6522.0,0.9634604075803722,2,15.965774,8285.0,0.8984339833259583
415432-28933-36744.png,0,0.6558346609490008,0.5283801094554936,False,25728.0,0.6581116905402192,5,10.785797,28573.0,0.7628291249275208
415432-28933-36744.png,3,0.30884756047709533,0.3681496372372913,True,7114.0,0.9360107989286055,3,19.571722,10185.0,0.9007331132888794
432573-9457-16474.png,0,0.5740099735824579,0.6477425402078506,True,26750.0,0.7245787962511512,1,13.197007,28330.0,0.8054297566413879
432573-9457-16474.png,3,0.6032577319338863,0.5287516415086652,False,18537.0,0.7086280056577087,1,16.960402,20461.0,0.9038429856300354
1022068-21625-54743.png,0,0.6618951101935168,0.7564239510783803,True,28516.0,0.7011384032848959,1,10.467724,31496.0,0.8809518218040466
1022068-21625-54743.png,3,0.7535551762831658,0.8332724215457004,True,11196.0,0.9219584786400212,2,18.466583,12699.0,0.9607005715370178
387709-17172-32648.png,0,0.7438084173643184,0.6974336003188913,False,32517.0,0.7113916296571791,1,14.241501,31914.0,0.895357072353363
387709-17172-32648.png,3,0.6540451175588478,0.5170068027003999,False,19935.0,0.9089864909780562,3,19.71232,23533.0,0.9305752515792847
439448-40849-48240.png,0,0.4961711116542407,0.5613919894483427,True,7169.0,0.8910554346077485,2,9.8264885,10154.0,0.9107047319412231
439448-40849-48240.png,2,0.904538563556364,0.47819366803683266,False,22157.0,0.5334801665279844,2,32.018864,19028.0,0.8820260167121887
416003-13582-47118.png,0,0.13061057604349396,0.3161243846420789,True,8851.0,0.8272804881505191,2,15.206392,6370.0,0.7933124899864197
416003-13582-47118.png,3,0.5664412950017409,0.6069871235516858,True,12695.0,0.7840592543776295,2,21.562103,13016.0,0.9038432240486145
440930-31309-18224.png,0,0.7491427680506101,0.7537871956377914,True,19607.0,0.8042632387407125,2,21.591097,17445.0,0.8751627802848816
440930-31309-18224.png,1,0.7108746431088623,0.6073563937828343,False,23187.0,0.7570284016396455,2,24.503769,31943.0,0.9441140294075012
387709-17172-48776.png,0,0.4844297980262296,0.7392546182918296,True,21466.0,0.7537515467482315,2,17.43802,21362.0,0.8816387057304382
387709-17172-48776.png,3,0.7710451977038114,0.7348383476179549,False,17796.0,0.8933831608484848,2,26.30594,20043.0,0.9603315591812134
439448-39505-46896.png,0,0.7819543887044581,0.7719669420977212,False,12794.0,0.9131396759688815,1,8.107393,13917.0,0.9284549355506897
439448-39505-46896.png,2,0.9556295366218515,0.5379842361077203,False,19141.0,0.7524799389153247,4,22.21965,19541.0,0.9200361371040344
1022068-18937-45783.png,0,0.8242718976879878,0.6416113324290509,False,20285.0,0.6497509673218625,2,13.130655,23893.0,0.8642377853393555
1022068-18937-45783.png,1,0.6542591266640461,0.7161445244476381,True,9211.0,0.9550005392519532,2,29.97538,15825.0,0.8968842029571533
439448-40849-47568.png,0,0.644128883396228,0.621881273256246,False,8077.0,0.741077163042481,1,7.692602,13043.0,0.8780526518821716
439448-40849-47568.png,2,0.9670168515100518,0.4871787972423738,False,18779.0,0.5776691560724804,2,30.987503,18446.0,0.9098997712135315
440682-21332-22134.png,2,0.8486929133590962,0.5253956142213649,False,15942.0,0.5651988938523719,1,28.530672,17142.0,0.9047267436981201
440682-21332-22134.png,3,0.737937641493732,0.6862043700949789,False,14684.0,0.8736835842208603,1,6.698268,17885.0,0.9065452218055725
1009800-17959-58045.png,0,0.532708210238282,0.8811561839869549,True,8847.0,0.9488416988416988,1,36.20375,7949.0,0.9582244753837585
1009800-17959-58045.png,3,0.8325504543648636,0.6435048133926131,False,26724.0,0.737406228925131,3,9.090256,29504.0,0.8854523301124573
432573-33649-34394.png,0,0.09213347627364422,0.20638873383683015,True,6567.0,0.8855645190402083,5,6.512199,15839.0,0.8279297351837158
432573-33649-34394.png,3,0.6353959873149864,0.6896144767690608,True,26744.0,0.8796130637207265,3,21.288471,24535.0,0.913640558719635
440930-10701-25392.png,0,0.6581094387164823,0.6035909445509917,False,19180.0,0.6953360333729488,3,10.389262,17358.0,0.8432475924491882
440930-10701-25392.png,3,0.2554380214445978,0.21961060585949754,False,22834.0,0.6729737695254937,1,9.778755,31132.0,0.928363025188446
440682-30292-21238.png,0,0.2838869063802423,0.44003122015089485,True,7939.0,0.9568966518339864,4,18.163847,11379.0,0.8210707902908325
440682-30292-21238.png,3,0.7101397508436367,0.6385978122055888,False,28864.0,0.7317716255957813,1,11.246082,33755.0,0.9222727417945862
415432-8393-28934.png,0,0.7188274813900898,0.599943021178586,False,35391.0,0.711442944139204,2,8.94024,37044.0,0.8109745979309082
415432-8393-28934.png,3,0.030297432102291254,0.3086827909945465,True,6384.0,0.7932788891272968,4,1.9970853,9642.0,0.8513950109481812
440682-43732-25718.png,0,0.5353168398539816,0.7190633287587125,True,18719.0,0.8993590255371272,3,16.58924,14078.0,0.8558853268623352
440682-43732-25718.png,3,0.7388637830641803,0.5607018387078307,False,17170.0,0.534840980593714,1,14.6237545,34962.0,0.8390311002731323
440682-29396-15862.png,0,0.25083677886878947,0.3072784809932102,True,8236.0,0.9151655274045418,3,10.121353,15023.0,0.8423358798027039
440682-29396-15862.png,3,0.7842103042157008,0.5430488731209789,False,15911.0,0.6963786764752763,2,24.136728,31656.0,0.8813545107841492
415432-13769-18182.png,0,0.5179295797361153,0.4928262528493303,False,34378.0,0.735164133488063,2,8.420689,31211.0,0.8483986854553223
415432-13769-18182.png,3,0.49560005099283255,0.46465368600594414,False,19841.0,0.6827128208657354,1,16.03501,21165.0,0.9244012236595154
440682-38356-36470.png,0,0.47562654909451574,0.3379473635973092,False,6434.0,0.9354731414045063,3,11.477995,10076.0,0.8490608334541321
440682-38356-36470.png,3,0.885605995329365,0.6197235326709437,False,32955.0,0.6795497003914225,2,11.044875,35139.0,0.8572250604629517
432573-41713-17370.png,0,0.55969818954708,0.34788223139597413,False,16280.0,0.7373170237377581,4,16.342632,19750.0,0.784961998462677
432573-41713-17370.png,3,0.2050641077167112,0.26982343497031913,True,9052.0,0.8176089634120172,4,7.4800715,9491.0,0.906047523021698
432573-10353-10202.png,0,0.38779278840224857,0.2849419795144043,False,4825.0,0.9218097334707754,4,19.218622,25023.0,0.8460987210273743
432573-10353-10202.png,3,0.43582612899958206,0.4303236797127658,False,26524.0,0.6248287976243981,2,10.166747,23857.0,0.8496053218841553
1022068-10873-9943.png,0,0.10935540503903803,0.18233118062685238,True,2240.0,0.9253552882087019,2,6.0896115,15337.0,0.6802037358283997
1022068-10873-9943.png,3,0.5799509117714365,0.8239190432130046,True,39445.0,0.8555842352992212,1,16.722855,30861.0,0.9497544169425964
409891-39490-21540.png,0,0.48888069503171294,0.3810555528413979,False,17707.0,0.7947388165728667,6,9.92289,19996.0,0.8391895294189453
409891-39490-21540.png,3,0.2862889421308504,0.30088727652865566,True,16443.0,0.7521308283325159,2,15.807861,22009.0,0.9259250164031982
1023348-21258-64759.png,0,0.5149006622393008,0.4113393719384129,False,17231.0,0.7824594685395193,4,9.782714,17997.0,0.8055574893951416
1023348-21258-64759.png,3,0.29798690785183407,0.3028156303446072,True,14698.0,0.7899131812275825,4,13.022654,15103.0,0.9090204834938049
415432-33413-31368.png,0,0.5521344585095112,0.5347970915672196,False,20529.0,0.8754202171967017,4,17.96732,21739.0,0.8429291844367981
415432-33413-31368.png,3,0.7303602871214154,0.6690837178441577,False,27305.0,0.790830364642164,1,20.098251,31932.0,0.9468720555305481
440930-40269-28976.png,0,0.8082175371023711,0.3334950278807562,False,9116.0,0.8051638373869029,3,15.133011,17899.0,0.8376477360725403
440930-40269-28976.png,1,0.8183495406534823,0.862227074198156,True,21597.0,0.7936280454194686,1,23.440313,20815.0,0.9534159302711487
405723-7936-28942.png,1,0.6732670189408372,0.6027552999196564,False,16282.0,0.790619085017278,2,8.846566,20714.0,0.8953363299369812
405723-7936-28942.png,3,0.7250537241728479,0.5769285748045491,False,13295.0,0.8570947029807676,3,12.61505,12771.0,0.9176915884017944
440930-25933-30768.png,0,0.9055847733327508,0.521626670486142,False,24737.0,0.7883528613735387,4,10.529032,22240.0,0.8364421129226685
440930-25933-30768.png,1,0.5767597477059889,0.3382641509178668,False,6320.0,0.9771181199752629,1,42.366703,13250.0,0.89051753282547
440682-17748-13174.png,2,0.6482232418992577,0.447608695638273,False,18991.0,0.7245300765328452,5,22.41105,17461.0,0.8253995776176453
440682-17748-13174.png,3,0.41665141809621903,0.3941454201829307,False,6847.0,0.8550851848909012,2,18.500793,7604.0,0.9362016320228577
440682-18644-22134.png,0,0.49665528369291034,0.5625703353273368,True,16315.0,0.9068448360838237,4,19.705746,14619.0,0.8440543413162231
440682-18644-22134.png,3,0.7344478503713339,0.6059156154694901,False,23796.0,0.6352648498969803,2,18.966673,26764.0,0.8558167815208435
440930-35789-16432.png,0,0.9435380136541526,0.5352842694187261,False,24546.0,0.5830187700367883,2,10.83055,23911.0,0.8873705863952637
440930-35789-16432.png,1,0.788076709173419,0.7386831274770211,False,5926.0,0.9809634166528721,1,48.38356,7737.0,0.946247935295105
439448-42509-54254.png,0,0.7770572867709901,0.7288347795739397,False,19322.0,0.7140692560700691,1,15.463031,22835.0,0.925684928894043
439448-42509-54254.png,1,0.885947319130701,0.9528291757291139,True,28665.0,0.7144223769591518,3,24.739866,27437.0,0.9818731546401978
1023348-18570-56695.png,0,0.5152561683157597,0.5500193532302327,True,16331.0,0.8415041559173811,2,9.011867,15992.0,0.8999441266059875
1023348-18570-56695.png,3,0.6186701769936515,0.6759772911378434,True,29898.0,0.6652426406781924,1,14.823069,29544.0,0.9394068121910095
439448-39505-47568.png,0,0.6794618832861952,0.5014632904311663,False,4332.0,0.9798688079619996,1,20.967203,7030.0,0.8765575289726257
439448-39505-47568.png,2,0.9775818197556905,0.3328050034198765,False,13624.0,0.793159394826626,4,28.61749,17655.0,0.875911295413971
415432-26245-38536.png,0,0.6545277595307125,0.43990448393738624,False,16015.0,0.735697458575293,5,13.903103,26959.0,0.7619998455047607
415432-26245-38536.png,3,0.3864678158443755,0.36612081117199213,False,13587.0,0.7039251095464313,4,10.849048,13531.0,0.8837002515792847
409891-36802-43940.png,0,0.3477180095770207,0.2959545622637052,False,26169.0,0.8345346156680161,2,10.855548,41952.0,0.8474443554878235
409891-36802-43940.png,3,0.43259305594488656,0.4373256462304886,True,7931.0,0.925221651889874,1,17.881702,9313.0,0.9322842359542847
439448-38833-47568.png,0,0.7096928408378519,0.8160806834548142,True,5227.0,0.9543545736717179,1,15.444199,5974.0,0.9356227517127991
439448-38833-47568.png,2,0.9437247147383125,0.5544542883060741,False,25634.0,0.5691511800883678,1,18.399796,23840.0,0.8974772691726685
439448-41521-46224.png,2,0.6515635966114354,0.6761395090721406,True,8730.0,0.8971328743191861,1,37.223557,9549.0,0.928920328617096
439448-41521-46224.png,3,0.6553016203713417,0.5074729192237084,False,18203.0,0.7583958986580356,3,15.082844,24310.0,0.8042519092559814
439448-44525-54254.png,0,0.8250318450264549,0.6840898829339044,False,18966.0,0.7750048399389995,4,15.974542,20171.0,0.9270306825637817
439448-44525-54254.png,1,0.7662686050204972,0.7639665449487563,False,18906.0,0.9091266706936247,2,22.931591,19970.0,0.9409396052360535
439448-44525-55598.png,0,0.7405692038702799,0.69627927750997,False,15021.0,0.7281813259545419,2,16.877924,15502.0,0.8969119787216187
439448-44525-55598.png,1,0.898053778572643,0.7708598410730099,False,23477.0,0.6392473996623645,1,21.222717,27929.0,0.940064549446106
387709-30612-56840.png,0,0.7660597445331844,0.8468938772255725,True,45208.0,0.8993611827088724,2,12.6162195,36646.0,0.9169650673866272
387709-30612-56840.png,3,0.47511679860347006,0.4156411916425451,False,3309.0,0.9470520892959358,1,15.748525,4823.0,0.9491714239120483
432573-4081-17370.png,0,0.41373165616280233,0.44641375996654237,True,14053.0,0.8897672804103068,2,14.5371,18382.0,0.8402022123336792
432573-4081-17370.png,3,0.7493898522607735,0.7036253536583117,False,31624.0,0.677594223393542,1,20.492146,34284.0,0.9191839694976807
415432-30725-25992.png,0,0.5995512607888746,0.4862606996764707,False,28004.0,0.6364258898693366,2,11.811473,28023.0,0.8280506134033203
415432-30725-25992.png,3,0.49694469902755145,0.5167856600072517,True,15423.0,0.7034114749612332,1,15.044661,17795.0,0.9408906102180481
387709-34196-38024.png,0,0.8822484054510383,0.5473393227231874,False,20711.0,0.6894091003410787,3,15.027247,23472.0,0.841364860534668
387709-34196-38024.png,3,0.7005467004927584,0.6239898989505057,False,13708.0,0.933302407154697,2,15.727159,15716.0,0.9359198808670044
1022068-9081-35927.png,0,0.472545306941771,0.3548213323437941,False,6154.0,0.9461415659479526,3,13.079309,9827.0,0.8607611060142517
1022068-9081-35927.png,3,0.8771196483403262,0.755085617187037,False,34554.0,0.8521007642318371,2,19.907537,35944.0,0.9476147294044495
1022068-9977-52055.png,0,0.7709822739993394,0.7708091756800906,False,38972.0,0.7926454735900096,1,15.2626705,35432.0,0.9075860977172852
1022068-9977-52055.png,3,0.5798434198720117,0.5619313789283504,False,9703.0,0.8064895477291754,2,34.881382,13499.0,0.9422903656959534
1022068-16249-52055.png,0,0.7619502655445243,0.5631503277392804,False,27645.0,0.6247255450701721,2,16.287352,23861.0,0.8985848426818848
1022068-16249-52055.png,3,0.4281343036364427,0.40274966847632426,False,11857.0,0.9012693447723303,2,15.954006,14007.0,0.942689061164856
439448-40177-47568.png,0,0.6405349522396492,0.5193794838107062,False,13738.0,0.9435324208584109,2,14.347177,15549.0,0.8761419057846069
439448-40177-47568.png,2,0.8907456268643686,0.5303148405283385,False,14541.0,0.8252852697705569,2,30.396988,17062.0,0.8952328562736511
432573-11249-11994.png,0,0.3845768024596142,0.2801017275909759,False,6963.0,0.9511708870536247,2,28.758873,11088.0,0.9305521845817566
432573-11249-11994.png,3,0.864092699231359,0.9015712395641012,True,43937.0,0.9126352740793054,1,15.676817,42692.0,0.9814430475234985
1022068-23417-35927.png,0,0.45194110700562745,0.4220651213234292,False,21332.0,0.6371422267015063,2,15.005414,25195.0,0.8709385991096497
1022068-23417-35927.png,3,0.7391483310605018,0.7079888785650421,False,23937.0,0.662121044478867,1,18.748064,24604.0,0.9273923635482788
440930-39373-8368.png,0,0.8938978619134251,0.31029847978517106,False,13246.0,0.8645817647273663,5,10.4559765,13399.0,0.8820518851280212
440930-39373-8368.png,1,0.36794219957613833,0.4103217353027863,True,2412.0,0.884194790349136,4,3.4294782,12650.0,0.8153868913650513
440682-18644-27510.png,0,0.5876664329940201,0.5721515523769455,False,6251.0,0.9359185506812396,1,40.446312,7301.0,0.9058545827865601
440682-18644-27510.png,3,0.9298230281640851,0.7132481680670677,False,30217.0,0.6809311339462772,1,15.366821,33973.0,0.9093948006629944
415432-20041-19974.png,0,0.7050425972626916,0.6114367879490257,False,32895.0,0.802434502610138,1,8.694802,30776.0,0.861971914768219
415432-20041-19974.png,3,0.7126103816888936,0.6765065575559184,False,18355.0,0.9411939125570864,2,13.942255,21536.0,0.9243291020393372
447079-16076-23517.png,0,0.5958202268469207,0.5024401763092349,False,25304.0,0.6709385690208293,3,6.1719866,27790.0,0.7781398892402649
447079-16076-23517.png,2,0.44606381801666867,0.44832143798845775,True,5342.0,0.9566463048847735,3,17.971226,13881.0,0.8352050185203552
409891-35010-31396.png,0,0.3782310806518167,0.588682211138565,True,24694.0,0.7694144467667234,2,13.04411,19668.0,0.8276817798614502
409891-35010-31396.png,3,0.3371394230515971,0.2913553246891832,False,12338.0,0.6996353135498676,2,11.4096575,14456.0,0.9341516494750977
1023348-23946-54007.png,0,0.6214884178632961,0.6674538129368727,True,3548.0,0.9538901031499547,2,12.274851,5873.0,0.9145923256874084
1023348-23946-54007.png,3,0.9229480362601549,0.6087634746429941,False,23716.0,0.5955535888144248,3,12.650097,26170.0,0.905013918876648
440930-46541-26288.png,0,0.7492834412704127,0.6050740707707184,False,26754.0,0.7321399610705649,2,14.413097,20752.0,0.9294934272766113
440930-46541-26288.png,1,0.5728253054532242,0.34024987211658875,False,5940.0,0.947672165071689,2,12.573747,13602.0,0.7822949290275574
415432-13769-35206.png,2,0.8323392115642934,0.6939159663399048,False,11403.0,0.6954320912362018,1,30.843868,10346.0,0.9441274404525757
415432-13769-35206.png,3,0.5081260637866325,0.5138570310463918,True,20722.0,0.8089459028916258,2,19.990656,37017.0,0.9575191140174866
430252-36387-11433.png,0,0.29879070333245633,0.36709443516236706,True,8144.0,0.934381459374813,5,8.612611,22535.0,0.765502393245697
430252-36387-11433.png,3,0.4511456250822345,0.6543904289694928,True,21021.0,0.945401394198336,1,19.528893,22391.0,0.9545388221740723
415432-16457-19078.png,0,0.46253997257701746,0.2779063974363946,False,12351.0,0.7793801129980434,7,8.769461,15976.0,0.7849060297012329
415432-16457-19078.png,3,0.3724828981477829,0.3968527169741475,True,15213.0,0.6308401054662103,3,10.054315,17933.0,0.8609701991081238
415432-10185-17286.png,0,0.5813708788310108,0.5531141783994266,False,28814.0,0.68242715095911,2,11.224363,35604.0,0.8630446195602417
415432-10185-17286.png,3,0.5008553405056744,0.4966780190666809,False,11527.0,0.8640808128064867,2,24.483849,13869.0,0.9227115511894226
436219-46206-48511.png,0,0.4552405818554554,0.4680988347641819,True,17040.0,0.8989093693937632,6,9.805223,19944.0,0.7209250926971436
436219-46206-48511.png,3,0.6102710494160631,0.5888245167418695,False,23606.0,0.7368355339139121,1,13.206089,31612.0,0.9131138920783997
440930-31309-24496.png,0,0.8749850746059705,0.6444076091076799,False,28728.0,0.7273654460506308,3,10.192604,24984.0,0.8364461064338684
440930-31309-24496.png,3,0.586846092096351,0.48680593729474947,False,8655.0,0.8552371541501976,1,11.358375,13006.0,0.9165996313095093
439448-40177-46224.png,0,0.7473916066835855,0.7404093638018863,False,6029.0,0.9366429011823488,2,16.333649,7062.0,0.9216335415840149
439448-40177-46224.png,2,0.9691414176528551,0.40533877008189895,False,14356.0,0.7874139522609414,4,19.900377,17098.0,0.889807939529419
436219-42622-52991.png,0,0.5859328741753893,0.50064703467157,False,21788.0,0.7908419265906261,7,6.101164,19248.0,0.90302574634552
436219-42622-52991.png,3,0.611122770177995,0.5941593517692721,False,25513.0,0.7073387119132774,1,7.3929853,28739.0,0.9166951179504395
415432-20937-46854.png,0,0.7848977385935962,0.5466187050228628,False,29194.0,0.6621993918954729,3,12.570471,26126.0,0.8287543654441833
415432-20937-46854.png,3,0.4369184158327378,0.3936983309321949,False,4513.0,0.9326097915072384,3,12.291152,4964.0,0.9284988641738892
440930-27725-26288.png,0,0.7279107224867024,0.6907731895431742,False,33560.0,0.7898679064353556,2,12.084649,30926.0,0.915794312953949
440930-27725-26288.png,3,0.304766096560314,0.3263892425851174,True,13114.0,0.7211479749641688,3,8.300579,18437.0,0.8883745074272156
439448-39505-45552.png,2,0.8412839155381401,0.7565968238176078,False,14445.0,0.8272248310617341,1,21.001509,13370.0,0.9350752830505371
439448-39505-45552.png,3,0.8564509770553458,0.8404811114697301,False,28878.0,0.8193270158315837,1,19.609465,32933.0,0.9373297691345215
440930-33101-24496.png,0,0.8966236086477078,0.8134441971810343,False,23222.0,0.686757649148117,2,9.121558,22140.0,0.8462878465652466
440930-33101-24496.png,1,0.7054864368466046,0.6514402407333247,False,23141.0,0.9688913079886117,1,20.695507,27827.0,0.9563851356506348
440930-30413-24496.png,0,0.8218329879819344,0.4594708941922931,False,15286.0,0.7846649484192787,5,15.843902,20506.0,0.8737854361534119
440930-30413-24496.png,1,0.5790788446074099,0.5639441591331881,False,9578.0,0.9795470581566518,2,50.18651,11961.0,0.9328100085258484
1009800-18589-26213.png,0,0.8637476904196387,0.8714533345100149,True,18673.0,0.8651871668776463,2,19.930187,20039.0,0.9382244944572449
1009800-18589-26213.png,1,0.9042889846180888,0.8934957751721525,False,27007.0,0.9632969785439119,3,21.398083,29039.0,0.9818517565727234
439448-40849-45552.png,2,0.7737144869233555,0.6780562856158692,False,8432.0,0.8810344735428643,2,23.985481,12747.0,0.8832537531852722
439448-40849-45552.png,3,0.8103693570229721,0.68779432699902,False,21929.0,0.8297057066506544,2,11.051504,26192.0,0.9169652462005615
444302-29470-46917.png,2,0.7001508945641967,0.5053676865077307,False,10985.0,0.7596887650723265,2,24.267307,14579.0,0.8971123099327087
444302-29470-46917.png,3,0.6184855701660659,0.7282832855123845,True,13757.0,0.9040137697129056,3,13.984974,15223.0,0.9289398789405823
387709-23444-23688.png,0,0.5409365558095262,0.41930634592297794,False,7076.0,0.9473263545256163,2,12.523675,8037.0,0.8711540102958679
387709-23444-23688.png,3,0.9449197156939344,0.8687858873683212,False,44439.0,0.9086986749550139,1,17.686752,42087.0,0.9709956049919128
416003-17166-31886.png,0,0.17082191780041908,0.24546968360448396,True,17969.0,0.7811376137084646,6,7.5541887,26067.0,0.883134663105011
416003-17166-31886.png,3,0.5849066581896212,0.7060843646502273,True,31724.0,0.7323683542258236,1,20.766651,29335.0,0.9527405500411987
440930-21453-29872.png,0,0.8767867352564135,0.29467107501593154,False,8836.0,0.7806506508159753,5,15.424016,13253.0,0.8220759630203247
440930-21453-29872.png,3,0.5866779088881384,0.5577067951967978,False,12372.0,0.8666553000645927,3,10.671153,13257.0,0.9190384745597839
416003-13582-49806.png,0,0.4523865714657978,0.5755752853569278,True,26820.0,0.6703507513081391,3,8.668167,23554.0,0.841090977191925
416003-13582-49806.png,3,0.5347412882599528,0.47218879527770463,False,20184.0,0.7341638844551109,4,8.984693,21307.0,0.8583105802536011
432573-36337-10202.png,0,0.3829829909987571,0.4011185149769507,True,9284.0,0.8822355821303429,3,17.986252,13539.0,0.826299250125885
432573-36337-10202.png,3,0.6022089761420004,0.5485489627916675,False,33224.0,0.8063960598733512,2,13.472242,33384.0,0.8831325769424438
415432-31621-34056.png,0,0.6883812746607579,0.5445272992044649,False,19922.0,0.7114892896291553,5,12.043264,20253.0,0.8250141739845276
415432-31621-34056.png,3,0.32592998808829815,0.24620901638082945,False,12400.0,0.6856097090569464,3,4.752563,15971.0,0.8601840734481812
439448-40177-45552.png,2,0.882788540620735,0.4588080800100881,False,10777.0,0.48268912079544946,1,26.76696,13374.0,0.9311907291412354
439448-40177-45552.png,3,0.8140901679439544,0.5616277705890454,False,13474.0,0.7705427137940882,2,13.634692,14367.0,0.9424198269844055
415432-7497-29830.png,0,0.6330205647033822,0.5420547657272439,False,29691.0,0.6815137292680818,5,8.612713,34741.0,0.7984623312950134
415432-7497-29830.png,3,0.37734208997707724,0.3028994082661006,False,10447.0,0.8726259210271158,2,7.631189,13891.0,0.8802899122238159
439448-36817-47568.png,0,0.7312604260472213,0.6442960615480903,False,27338.0,0.8288367929415327,2,20.597298,24721.0,0.8982220888137817
439448-36817-47568.png,3,0.6254222972679513,0.6312153440309419,True,19123.0,0.8439314444312568,2,17.739588,21513.0,0.9352883100509644
444302-30142-48261.png,0,0.5436949466537033,0.6445385266177359,True,9399.0,0.9118160651920839,1,16.88053,9419.0,0.8814317584037781
444302-30142-48261.png,3,0.681698619717393,0.617348599135607,False,24938.0,0.6663994441772221,1,14.276825,26193.0,0.913173496723175
430252-29219-13225.png,0,0.10395795695451503,0.08848266391276324,False,2036.0,0.890249234805422,1,3.9728177,11432.0,0.9179311990737915
430252-29219-13225.png,3,0.8257733244464956,0.673772758684633,False,30374.0,0.7823555353859541,2,15.240092,29503.0,0.9257596731185913
440682-31188-23030.png,0,0.6641344868351878,0.7402162918586932,True,13541.0,0.9209704109918139,3,11.607874,10883.0,0.8812718987464905
440682-31188-23030.png,3,0.8745779420610086,0.550168147353557,False,14542.0,0.7595974905439205,6,23.356073,23708.0,0.8391658663749695
440682-19540-22134.png,0,0.3709133904598928,0.43384892623262883,True,8995.0,0.9343597891716,3,28.256796,12150.0,0.8200708627700806
440682-19540-22134.png,3,0.7596487119260036,0.6894378678652668,False,30975.0,0.7521689315911354,2,10.493043,36005.0,0.8845290541648865
387709-22548-25480.png,0,0.22776051959506347,0.24737691684348498,True,2226.0,0.9228855721393034,1,39.022552,8775.0,0.82430499792099
387709-22548-25480.png,3,0.8937540244502056,0.7296871339269123,False,32903.0,0.6956530931540446,1,14.32384,35113.0,0.9101759195327759
440930-39373-15536.png,0,0.7617068748915993,0.3980864115082649,False,10849.0,0.9282502339347908,4,21.010191,11960.0,0.899392306804657
440930-39373-15536.png,1,0.6677800616306382,0.7105626414493643,True,12819.0,0.9209051724137931,1,19.328588,15512.0,0.9000030159950256
440682-33876-31094.png,0,0.8465473145194894,0.7233546445488263,False,13932.0,0.8666426961203877,2,44.695045,10253.0,0.9089310765266418
440682-33876-31094.png,3,0.9455580563763919,0.5930927398345388,False,29351.0,0.6733632093718561,3,17.685482,30363.0,0.8795526027679443
387709-28820-28168.png,0,0.7355614972934241,0.65869822482089,False,15771.0,0.9256741505223753,3,29.300436,16466.0,0.8738701939582825
387709-28820-28168.png,3,0.8732172653441672,0.43923258722537933,False,18497.0,0.6690264152926364,2,16.775774,22067.0,0.9000036120414734
1023348-26634-41463.png,2,0.4247907874669343,0.5705533794746858,True,9593.0,0.9657171623419605,2,38.90624,9699.0,0.921271562576294
1023348-26634-41463.png,3,0.7086545488669954,0.6774278839618881,False,21002.0,0.7245051030724898,3,16.36698,26761.0,0.9070367813110352
387709-10900-67592.png,0,0.6121432362658877,0.606441813342949,False,20629.0,0.7960658813182246,2,15.1948595,22153.0,0.8250492811203003
387709-10900-67592.png,3,0.8221774064207504,0.6215635852543261,False,30276.0,0.7209944751381216,1,19.464933,34031.0,0.9431112408638
1023348-24842-47735.png,0,0.4426032660725823,0.5074420214387573,True,14699.0,0.8374752376279877,2,12.654721,14804.0,0.8646677732467651
1023348-24842-47735.png,3,0.695235665881721,0.6801349817631208,False,29438.0,0.8670517127736098,2,16.948704,30618.0,0.9521172046661377
440930-12493-16432.png,0,0.6772566276516782,0.4890219560728076,False,23444.0,0.7190105036344758,2,7.940077,22517.0,0.8650926947593689
440930-12493-16432.png,3,0.46364026217829807,0.4622279129052364,False,9643.0,0.9009570409998701,2,17.114967,14874.0,0.8738808631896973
439448-38833-48240.png,0,0.7267759562265957,0.7545563960836866,True,9716.0,0.8573949876456054,1,20.441938,11174.0,0.9130054712295532
439448-38833-48240.png,2,0.916096524787806,0.4545750162475718,False,20019.0,0.475363901883029,1,19.203026,18181.0,0.9183583855628967
387709-10004-55944.png,0,0.6693768996706164,0.5904073355460975,False,23209.0,0.6713624529939254,1,17.460077,25271.0,0.8459368944168091
387709-10004-55944.png,3,0.7007410414949162,0.6678149117065412,False,21898.0,0.7226081565107865,2,20.572195,26154.0,0.9187860488891602
387709-20756-29064.png,0,0.6748009247174472,0.6173892157854752,False,24029.0,0.6672387009186875,2,16.911558,25406.0,0.804377019405365
387709-20756-29064.png,3,0.7168845934850822,0.5919067215137972,False,19830.0,0.6087196501165155,2,14.52552,25500.0,0.923518717288971
1022068-34169-41303.png,0,0.48019860853659396,0.43161494686649243,False,31682.0,0.7940567729616231,2,12.752075,31999.0,0.8290932774543762
1022068-34169-41303.png,3,0.6172839505936901,0.49678398494988857,False,18910.0,0.6108121474549829,3,17.131918,18571.0,0.923799455165863
440682-20436-23030.png,0,0.17575347103789107,0.18410525379215462,True,3598.0,0.9750871416709183,3,12.274792,13033.0,0.767362654209137
440682-20436-23030.png,3,0.6327045380913505,0.4858507074524811,False,24360.0,0.6001182499014585,1,7.13389,23183.0,0.8610202670097351
436219-31870-52991.png,0,0.5564171293459564,0.3713494288909326,False,18952.0,0.7665560401465487,3,12.025874,13267.0,0.7994929552078247
436219-31870-52991.png,3,0.5715507498527276,0.6210746685095059,True,25795.0,0.6343136772733979,1,11.104551,32536.0,0.9284408688545227
440682-17748-20342.png,0,0.6371848615081074,0.7509511266644021,True,15107.0,0.9710185649096952,2,27.017464,12953.0,0.9285305738449097
440682-17748-20342.png,3,0.7338330092925961,0.6505868336168068,False,20339.0,0.7588722089782353,2,19.43755,30761.0,0.9014485478401184
432573-13041-16474.png,0,0.7135535609773872,0.6826444090969093,False,32882.0,0.8233467711645842,1,13.000135,29013.0,0.8924058079719543
432573-13041-16474.png,3,0.5557356727111789,0.4413854351524058,False,23787.0,0.890961723000095,3,11.880919,26459.0,0.9177970290184021
439448-41521-47568.png,2,0.8140221813293758,0.538124849054029,False,18457.0,0.6350649619557359,2,26.374735,19336.0,0.9020132422447205
439448-41521-47568.png,3,0.5371264249493105,0.543255168284009,True,10030.0,0.8140121830777064,2,5.931318,15796.0,0.9015944600105286
432573-14833-18266.png,0,0.5334670130893169,0.6212825987257403,True,25710.0,0.7735264516075991,2,16.06845,22222.0,0.8601242899894714
432573-14833-18266.png,3,0.5632341723660094,0.5428220704245122,False,19043.0,0.7851578190819577,2,9.840223,24209.0,0.9238404035568237
387709-24340-29960.png,0,0.7190554704770035,0.7129729729515624,False,28363.0,0.6863696131354643,2,14.478471,29752.0,0.8510990142822266
387709-24340-29960.png,3,0.7240208285839248,0.6366387611273576,False,22234.0,0.8274735653104015,3,17.638742,22646.0,0.9208728671073914
1023348-16778-59383.png,0,0.7032333576970524,0.683018642427013,False,26895.0,0.8611494186594374,4,11.911219,26353.0,0.8930659294128418
1023348-16778-59383.png,3,0.6480871650750869,0.5814205607259282,False,22110.0,0.7970727135080573,1,16.626896,23714.0,0.9325045943260193
1023348-30218-32503.png,0,0.2178550865111714,0.3200097134375906,True,22987.0,0.7328816861620833,3,9.05702,19409.0,0.7905927300453186
1023348-30218-32503.png,3,0.39066700267176296,0.3793843951097957,False,9195.0,0.8974054619516714,3,11.282582,7773.0,0.9070440530776978
439448-36908-27657.png,0,0.7231490858503504,0.650009418458868,False,22933.0,0.8554262795225206,2,15.399818,26832.0,0.8907732367515564
439448-36908-27657.png,3,0.6050036791461857,0.5676330711282407,False,20511.0,0.8026870227721917,2,16.415848,21567.0,0.9156040549278259
